5364;37;Äĺěčńĺçîííŕ˙;Elche;Áîňčëüîíű ćĺíńęčĺ;3706;Áîňčëüîíű ćĺíńęčĺ âĺëţđ+řĺâđî âîđńčí;;12.10.2011 14:45;0;0;9;http://obuvimnogo.my1.ru/shop/5364/desc/botilony-zhenskie;http://obuvimnogo.my1.ru/_sh/53/5364.jpg;370,6
5367;37;Äĺěčńĺçîííŕ˙;Elche;Áîňčëüîíű ćĺíńęčĺ;4294,2;Áîňčëüîíű ćĺíńęčĺ řĺâđî âîđńčí;;12.10.2011 14:45;0;0;8;http://obuvimnogo.my1.ru/shop/5367/desc/botilony-zhenskie;http://obuvimnogo.my1.ru/_sh/53/5367.jpg;429,42
5371;37;Äĺěčńĺçîííŕ˙;Elche;Áîňčëüîíű ćĺíńęčĺ;4425,1;Áîňčëüîíű ćĺíńęčĺ řĺâđî âîđńčí;;12.10.2011 14:45;0;0;7;http://obuvimnogo.my1.ru/shop/5371/desc/botilony-zhenskie;http://obuvimnogo.my1.ru/_sh/53/5371.jpg;442,51
5372;37;Äĺěčńĺçîííŕ˙;Elche;Áîňčëüîíű ćĺíńęčĺ;3971,2;Áîňčëüîíű ćĺíńęčĺ âĺëţđ âîđńčí;;12.10.2011 14:45;0;0;8;http://obuvimnogo.my1.ru/shop/5372/desc/botilony-zhenskie;http://obuvimnogo.my1.ru/_sh/53/5372.jpg;397,12
5459;37;Äĺěčńĺçîííŕ˙;Julia Grossi;Áîňčëüîíű ćĺíńęčĺ;3989,9;Áîňčëüîíű ćĺíńęčĺ íŕň.ęîćŕ áŕéęŕ;;12.10.2011 14:45;0;0;6;http://obuvimnogo.my1.ru/shop/5459/desc/botilony-zhenskie;http://obuvimnogo.my1.ru/_sh/54/5459.jpg;398,99
5461;37;Äĺěčńĺçîííŕ˙;Julia Grossi;Áîňčëüîíű ćĺíńęčĺ;3964,4;Áîňčëüîíű ćĺíńęčĺ íŕň.ęîćŕ áŕéęŕ;;12.10.2011 14:45;0;0;7;http://obuvimnogo.my1.ru/shop/5461/desc/botilony-zhenskie;http://obuvimnogo.my1.ru/_sh/54/5461.jpg;396,44
5462;37;Äĺěčńĺçîííŕ˙;Julia Grossi;Áîňčëüîíű ćĺíńęčĺ;4142,9;Áîňčëüîíű ćĺíńęčĺ íóáóę áŕéęŕ;;12.10.2011 14:45;0;0;7;http://obuvimnogo.my1.ru/shop/5462/desc/botilony-zhenskie;http://obuvimnogo.my1.ru/_sh/54/5462.jpg;414,29
5639;37;Äĺěčńĺçîííŕ˙;LeFollie;Áîňčëüîíű ćĺíńęčĺ;3887,9;Áîňčëüîíű ćĺíńęčĺ řĺâđî âîđńčí;;12.10.2011 14:45;0;0;7;http://obuvimnogo.my1.ru/shop/5639/desc/botilony-zhenskie;http://obuvimnogo.my1.ru/_sh/56/5639.jpg;388,79
5642;37;Äĺěčńĺçîííŕ˙;LeFollie;Áîňčëüîíű ćĺíńęčĺ;4618,9;Áîňčëüîíű ćĺíńęčĺ řĺâđî âîđńčí;;12.10.2011 14:45;0;0;6;http://obuvimnogo.my1.ru/shop/5642/desc/botilony-zhenskie;http://obuvimnogo.my1.ru/_sh/56/5642.jpg;461,89
6183;37;Äĺěčńĺçîííŕ˙;S&M;Áîňčíęč ćĺíńęčĺ;3655;Áîňčíęč ćĺí;;12.10.2011 14:45;0;0;7;http://obuvimnogo.my1.ru/shop/6183/desc/botinki-zhenskie;http://obuvimnogo.my1.ru/_sh/61/6183.jpg;365,5
5056;37;Äĺěčńĺçîííŕ˙;J&Elisabeth;Áîňčíęč ćĺíńęčĺ;1326;Áîňčíęč ćĺí.ńčíčé čńę.ęîćŕ;;12.10.2011 14:45;0;0;7;http://obuvimnogo.my1.ru/shop/5056/desc/botinki-zhenskie;http://obuvimnogo.my1.ru/_sh/50/5056.jpg;132,6
5312;37;Äĺěčńĺçîííŕ˙;Dino Ricci;Áîňčíęč ćĺíńęčĺ;3553;Áîňčíęč ćĺíńęčĺ ×ĹĐÍŰÉ í.ę. ň.ď.;;12.10.2011 14:45;0;0;7;http://obuvimnogo.my1.ru/shop/5312/desc/botinki-zhenskie;http://obuvimnogo.my1.ru/_sh/53/5312.jpg;355,3
5313;37;Äĺěčńĺçîííŕ˙;Dino Ricci;Áîňčíęč ćĺíńęčĺ;3553;Áîňčíęč ćĺíńęčĺ âĺëţđ ň.ď.÷ĺđí.;;12.10.2011 14:45;0;0;7;http://obuvimnogo.my1.ru/shop/5313/desc/botinki-zhenskie;http://obuvimnogo.my1.ru/_sh/53/5313.jpg;355,3
5315;37;Äĺěčńĺçîííŕ˙;Dino Ricci;Áîňčíęč ćĺíńęčĺ;4165;Áîňčíęč ćĺíńęčĺ íŕň.ęîćŕ ňĺęńňčëü;;12.10.2011 14:45;0;0;7;http://obuvimnogo.my1.ru/shop/5315/desc/botinki-zhenskie;http://obuvimnogo.my1.ru/_sh/53/5315.jpg;416,5
5318;37;Äĺěčńĺçîííŕ˙;Dino Ricci;Áîňčíęč ćĺíńęčĺ;3485;Áîňčíęč ćĺíńęčĺ íŕň.ęîćŕ ňĺęńňčëü;;12.10.2011 14:45;0;0;7;http://obuvimnogo.my1.ru/shop
